DATE,MODE,LOCATION,CUSTOMER,PRODUCT CODE,SOURCE,RAILCAR,FLEET,SUBFLEET,RAILCAR SEALS,BOL,TERMINAL / DESTINATION,CITY,STATE,"WEIGHT
(kg)","TEMPERATURE
(C)","DENSITY
(kg/m3 @ 15C)",S&W %,"S&W
(BBL @ 15C)","NET OIL
(BBL @ 15C)","TOTAL VOL
(BBL @ 15C)","S&W
(m3 @ 15C)","NET OIL
(m3 @ 15C)","TOTAL VOL
(m3 @ 15C)",BOL DATE,"HEEL VOLUME
(m3 @ 15C)","HEEL WEIGHT
(kg)"
D Jan YY,TANK to RAIL,JEFFERSON REFINERY LLC,CLOVER,Crude Oil - 4910191, CLOVER CM STORAGE,VMSX280776,CLOVER,POSTLANE,"0235562, 0235561, 0235602, 0235601",AL06CL010000006,DEST: JEFFERSON REFINERY LLC,Korf,TX,"89,871",60.30,993.82,0.73,4.1522,564.6373,568.7895,0.6601,89.7702,90.4303,09-Jan-20,0.1000,102.21
D Jan YY,TANK to RAIL,JEFFERSON REFINERY LLC,CLOVER,Crude Oil - 4910191, CLOVER CM STORAGE,VMSX280894,CLOVER,POSTLANE,"0235568, 0235567, 0235608, 0235607",AL06CL010000006,DEST: JEFFERSON REFINERY LLC,Korf,TX,"90,151",62.20,996.05,0.73,4.1558,565.1256,569.2814,0.6607,89.8478,90.5085,09-Jan-20,0.0600,56.78
D Jan YY,TANK to RAIL,JEFFERSON REFINERY LLC,CLOVER,Crude Oil - 4910191, CLOVER CM STORAGE,VMSX280955,CLOVER,POSTLANE,"0235570, 0235569, 0235610, 0235609",AL06CL010000006,DEST: JEFFERSON REFINERY LLC,Korf,TX,"90,015",62.90,992.33,0.73,4.1651,566.3906,570.5557,0.6622,90.0489,90.7111,09-Jan-20,0.1000,102.21
D Jan YY,TANK to RAIL,JEFFERSON REFINERY LLC,CLOVER,Crude Oil - 4910191, CLOVER CM STORAGE,VMSX281636,CLOVER,POSTLANE,"0235564, 0235563, 0235604, 0235603",AL06CL010000006,DEST: JEFFERSON REFINERY LLC,Korf,TX,"89,387",61.90,992.68,0.73,4.1346,562.2428,566.3774,0.6573,89.3895,90.0468,09-Jan-20,0.1000,102.21
D Jan YY,TANK to RAIL,JEFFERSON REFINERY LLC,CLOVER,Crude Oil - 4910191, CLOVER CM STORAGE,VMSX281824,CLOVER,POSTLANE,"0235566, 0235565, 0235607, 0235605",AL06CL010000006,DEST: JEFFERSON REFINERY LLC,Korf,TX,"89,419",63.80,996.84,0.73,4.1188,560.0949,564.2137,0.6548,89.0480,89.7028,09-Jan-20,0.1600,162.77
D Jan YY,TANK to RAIL,JEFFERSON REFINERY LLC,CLOVER,Crude Oil - 4910191, CLOVER CM STORAGE,VMSX280830,CLOVER,POSTLANE,"0235818, 0235817, 0235798, 0235797",AL06CL010000006,DEST: JEFFERSON REFINERY LLC,Korf,TX,"89,972",68.50,993.95,0.27,1.5373,567.8170,569.3543,0.2444,90.2757,90.5201,09-Jan-20,0.0800,75.71
D Jan YY,TANK to RAIL,JEFFERSON REFINERY LLC,CLOVER,Crude Oil - 4910191, CLOVER CM STORAGE,VMSX280893,CLOVER,POSTLANE,"0235812, 0235811, 0235792, 0235791",AL06CL010000006,DEST: JEFFERSON REFINERY LLC,Korf,TX,"89,939",68.30,996.68,0.27,1.5325,566.0500,567.5825,0.2436,89.9948,90.2384,09-Jan-20,0.0400,37.85
D Jan YY,TANK to RAIL,JEFFERSON REFINERY LLC,CLOVER,Crude Oil - 4910191, CLOVER CM STORAGE,VMSX280907,CLOVER,POSTLANE,"0235806, 0235805, 0235786, 0235785",AL06CL010000006,DEST: JEFFERSON REFINERY LLC,Korf,TX,"89,951",68.40,998.49,0.27,1.5299,565.1009,566.6308,0.2432,89.8439,90.0871,09-Jan-20,0.0800,75.71
D Jan YY,TANK to RAIL,JEFFERSON REFINERY LLC,CLOVER,Crude Oil - 4910191, CLOVER CM STORAGE,VMSX281063,CLOVER,POSTLANE,"0235840, 0235839, 0235850, 0235849",AL06CL010000006,DEST: JEFFERSON REFINERY LLC,Korf,TX,"89,846",71.60,994.27,0.50,2.8418,565.5275,568.3693,0.4518,89.9117,90.3635,09-Jan-20,0.0600,56.78
D Jan YY,TANK to RAIL,JEFFERSON REFINERY LLC,CLOVER,Crude Oil - 4910191, CLOVER CM STORAGE,VMSX281220,CLOVER,POSTLANE,"0235802, 0235801, 0235782, 0235781",AL06CL010000006,DEST: JEFFERSON REFINERY LLC,Korf,TX,"89,392",66.80,994.54,0.27,1.5264,563.8194,565.3458,0.2427,89.6401,89.8828,09-Jan-20,0.1300,128.71
D Jan YY,TANK to RAIL,JEFFERSON REFINERY LLC,CLOVER,Crude Oil - 4910191, CLOVER CM STORAGE,VMSX281262,CLOVER,POSTLANE,"0235832, 0235831, 0235842, 0235841",AL06CL010000006,DEST: JEFFERSON REFINERY LLC,Korf,TX,"89,409",72.00,995.01,0.50,2.8259,562.3601,565.1860,0.4493,89.4081,89.8574,09-Jan-20,0.1000,102.21
D Jan YY,TANK to RAIL,JEFFERSON REFINERY LLC,CLOVER,Crude Oil - 4910191, CLOVER CM STORAGE,VMSX281352,CLOVER,POSTLANE,"0235804, 0235803, 0235784, 0235783",AL06CL010000006,DEST: JEFFERSON REFINERY LLC,Korf,TX,"89,292",68.30,995.37,0.27,1.5234,562.7160,564.2394,0.2422,89.4647,89.7069,09-Jan-20,0.1000,102.21
D Jan YY,TANK to RAIL,JEFFERSON REFINERY LLC,CLOVER,Crude Oil - 4910191, CLOVER CM STORAGE,VMSX281390,CLOVER,POSTLANE,"0235828, 0235827, 0235662, 0235670",AL06CL010000006,DEST: JEFFERSON REFINERY LLC,Korf,TX,"89,956",65.30,997.97,0.61,3.4580,563.5005,566.9585,0.5499,89.5893,90.1392,09-Jan-20,0.0800,75.71
D Jan YY,TANK to RAIL,JEFFERSON REFINERY LLC,CLOVER,Crude Oil - 4910191, CLOVER CM STORAGE,VMSX281434,CLOVER,POSTLANE,"0235838, 0235837, 0235848, 0235847",AL06CL010000006,DEST: JEFFERSON REFINERY LLC,Korf,TX,"89,350",72.10,991.82,0.50,2.8331,563.7933,566.6264,0.4504,89.6360,90.0864,09-Jan-20,0.1600,162.77
D Jan YY,TANK to RAIL,JEFFERSON REFINERY LLC,CLOVER,Crude Oil - 4910191, CLOVER CM STORAGE,VMSX281453,CLOVER,POSTLANE,"0235816, 0235815, 0235796, 0235795",AL06CL010000006,DEST: JEFFERSON REFINERY LLC,Korf,TX,"89,430",68.00,998.31,0.27,1.5213,561.9294,563.4507,0.2419,89.3396,89.5815,09-Jan-20,0.0600,56.78
D Jan YY,TANK to RAIL,JEFFERSON REFINERY LLC,CLOVER,Crude Oil - 4910191, CLOVER CM STORAGE,VMSX281473,CLOVER,POSTLANE,"0235834, 0235833, 0235844, 0235843",AL06CL010000006,DEST: JEFFERSON REFINERY LLC,Korf,TX,"89,173",72.30,997.98,0.50,2.8101,559.2046,562.0147,0.4468,88.9064,89.3532,09-Jan-20,0.0800,75.71
D Jan YY,TANK to RAIL,JEFFERSON REFINERY LLC,CLOVER,Crude Oil - 4910191, CLOVER CM STORAGE,VMSX281551,CLOVER,POSTLANE,"0235822, 0235821, 0235668, 0235667",AL06CL010000006,DEST: JEFFERSON REFINERY LLC,Korf,TX,"89,963",53.05,993.32,0.61,3.4743,566.1769,569.6512,0.5524,90.0149,90.5673,09-Jan-20,0.1600,162.77
D Jan YY,TANK to RAIL,JEFFERSON REFINERY LLC,CLOVER,Crude Oil - 4910191, CLOVER CM STORAGE,VMSX281689,CLOVER,POSTLANE,"0235824, 0235823, 0235666, 0235665",AL06CL010000006,DEST: JEFFERSON REFINERY LLC,Korf,TX,"89,840",63.75,993.92,0.61,3.4680,565.0685,568.5365,0.5514,89.8387,90.3901,09-Jan-20,0.1000,102.21
D Jan YY,TANK to RAIL,JEFFERSON REFINERY LLC,CLOVER,Crude Oil - 4910191, CLOVER CM STORAGE,VMSX281693,CLOVER,POSTLANE,"0235826, 0235825, 0235664, 0235663",AL06CL010000006,DEST: JEFFERSON REFINERY LLC,Korf,TX,"89,896",65.90,997.75,0.61,3.4568,563.2482,566.7050,0.5496,89.5493,90.0989,09-Jan-20,0.0600,56.78
D Jan YY,TANK to RAIL,JEFFERSON REFINERY LLC,CLOVER,Crude Oil - 4910191, CLOVER CM STORAGE,VMSX281791,CLOVER,POSTLANE,"0235830, 0235829, 0235702, 0235701",AL06CL010000006,DEST: JEFFERSON REFINERY LLC,Korf,TX,"89,436",71.80,992.40,0.50,2.8342,564.0079,566.8421,0.4506,89.6701,90.1207,09-Jan-20,0.1000,102.21
D Jan YY,TANK to RAIL,JEFFERSON REFINERY LLC,CLOVER,Crude Oil - 4910191, CLOVER CM STORAGE,VMSX281798,CLOVER,POSTLANE,"0235836, 0235835, 0235846, 0235845",AL06CL010000006,DEST: JEFFERSON REFINERY LLC,Korf,TX,"89,707",72.00,996.30,0.50,2.8317,563.5004,566.3321,0.4502,89.5894,90.0396,09-Jan-20,0.1000,102.21
D Jan YY,TANK to RAIL,JEFFERSON REFINERY LLC,CLOVER,Crude Oil - 4910191, CLOVER CM STORAGE,VMSX281820,CLOVER,POSTLANE,"0235810, 0235809, 0235790, 0235789",AL06CL010000006,DEST: JEFFERSON REFINERY LLC,Korf,TX,"89,536",68.40,994.88,0.27,1.5284,564.5351,566.0635,0.2430,89.7539,89.9969,09-Jan-20,0.0300,26.50
D Jan YY,TANK to RAIL,JEFFERSON REFINERY LLC,CLOVER,Crude Oil - 4910191, CLOVER CM STORAGE,VMSX281857,CLOVER,POSTLANE,"0235814, 0235813, 0235794, 0235793",AL06CL010000006,DEST: JEFFERSON REFINERY LLC,Korf,TX,"89,436",68.50,999.67,0.27,1.5193,561.1998,562.7191,0.2416,89.2236,89.4652,09-Jan-20,0.0800,75.71
D Jan YY,TANK to RAIL,JEFFERSON REFINERY LLC,CLOVER,Crude Oil - 4910191, CLOVER CM STORAGE,VMSX281880,CLOVER,POSTLANE,"0235808, 0235807, 0235788, 0235787",AL06CL010000006,DEST: JEFFERSON REFINERY LLC,Korf,TX,"89,473",68.30,998.55,0.27,1.5217,562.0686,563.5903,0.2419,89.3618,89.6037,09-Jan-20,0.1000,102.21
D Jan YY,TANK to RAIL,JEFFERSON REFINERY LLC,CLOVER,Crude Oil - 4910191, CLOVER CM STORAGE,VMSX281916,CLOVER,POSTLANE,"0235820, 0235819, 0235800, 0235799",AL06CL010000006,DEST: JEFFERSON REFINERY LLC,Korf,TX,"89,503",67.60,996.69,0.27,1.5250,563.3037,564.8287,0.2425,89.5581,89.8006,09-Jan-20,0.1000,102.21
D Jan YY,TANK to RAIL,JEFFERSON REFINERY LLC,CLOVER,Crude Oil - 4910191, CLOVER CM STORAGE,VMSX280705,CLOVER,POSTLANE,"0235746, 0235745, 0235886, 0235885",AL06CL010000006,DEST: JEFFERSON REFINERY LLC,Korf,TX,"89,761",69.50,999.31,0.60,3.3898,561.5786,564.9684,0.5389,89.2839,89.8228,09-Jan-20,0.1600,162.77
D Jan YY,TANK to RAIL,JEFFERSON REFINERY LLC,CLOVER,Crude Oil - 4910191, CLOVER CM STORAGE,VMSX280858,CLOVER,POSTLANE,"0235738, 0235737, 0235708, 0235707",AL06CL010000006,DEST: JEFFERSON REFINERY LLC,Korf,TX,"90,292",69.10,998.58,0.60,3.4124,565.3130,568.7254,0.5425,89.8776,90.4201,09-Jan-20,0.0800,75.71
D Jan YY,TANK to RAIL,JEFFERSON REFINERY LLC,CLOVER,Crude Oil - 4910191, CLOVER CM STORAGE,VMSX281014,CLOVER,POSTLANE,"0235736, 0235735, 0235706, 0235705",AL06CL010000006,DEST: JEFFERSON REFINERY LLC,Korf,TX,"89,723",69.30,"1,000.24",0.60,3.3852,560.8196,564.2048,0.5382,89.1632,89.7014,09-Jan-20,0.0600,56.78
D Jan YY,TANK to RAIL,JEFFERSON REFINERY LLC,CLOVER,Crude Oil - 4910191, CLOVER CM STORAGE,VMSX281074,CLOVER,POSTLANE,"0235740, 0235739, 0235710, 0235709",AL06CL010000006,DEST: JEFFERSON REFINERY LLC,Korf,TX,"90,041",69.00,993.18,0.60,3.4214,566.8047,570.2261,0.5440,90.1147,90.6587,09-Jan-20,0.1000,102.21
D Jan YY,TANK to RAIL,JEFFERSON REFINERY LLC,CLOVER,Crude Oil - 4910191, CLOVER CM STORAGE,VMSX281100,CLOVER,POSTLANE,"0235748, 0235747, 0235888, 0235887",AL06CL010000006,DEST: JEFFERSON REFINERY LLC,Korf,TX,"89,774",68.90,997.68,0.60,3.3959,562.5802,565.9761,0.5399,89.4431,89.9830,09-Jan-20,0.1600,162.77
D Jan YY,TANK to RAIL,JEFFERSON REFINERY LLC,CLOVER,Crude Oil - 4910191, CLOVER CM STORAGE,VMSX281554,CLOVER,POSTLANE,"0235750, 0235749, 0235890, 0235889",AL06CL010000006,DEST: JEFFERSON REFINERY LLC,Korf,TX,"89,578",69.00,993.79,0.60,3.4017,563.5474,566.9491,0.5408,89.5969,90.1377,09-Jan-20,0.1000,102.21
D Jan YY,TANK to RAIL,JEFFERSON REFINERY LLC,CLOVER,Crude Oil - 4910191, CLOVER CM STORAGE,VMSX281556,CLOVER,POSTLANE,"0235734, 0235733, 0235572, 0235571",AL06CL010000006,DEST: JEFFERSON REFINERY LLC,Korf,TX,"89,392",68.90,997.02,0.60,3.3836,560.5551,563.9387,0.5380,89.1211,89.6591,09-Jan-20,0.0800,75.71
D Jan YY,TANK to RAIL,JEFFERSON REFINERY LLC,CLOVER,Crude Oil - 4910191, CLOVER CM STORAGE,VMSX281649,CLOVER,POSTLANE,"0235744, 0235743, 0235884, 0235883",AL06CL010000006,DEST: JEFFERSON REFINERY LLC,Korf,TX,"89,315",69.30,993.90,0.60,3.3913,561.8287,565.2200,0.5392,89.3236,89.8628,09-Jan-20,0.0800,75.71
D Jan YY,TANK to RAIL,JEFFERSON REFINERY LLC,CLOVER,Crude Oil - 4910191, CLOVER CM STORAGE,VMSX281875,CLOVER,POSTLANE,"0235742, 0235741, 0235882, 0235881",AL06CL010000006,DEST: JEFFERSON REFINERY LLC,Korf,TX,"89,410",67.50,995.01,0.60,3.3911,561.7987,565.1898,0.5391,89.3189,89.8580,09-Jan-20,0.0600,56.78
D Jan YY,TANK to RAIL,JEFFERSON REFINERY LLC,CLOVER,Crude Oil - 4910191, CLOVER CM STORAGE,VMSX280787,CLOVER,POSTLANE,"0235284, 0235283, 0235322, 0235321",AL06CL010000006,DEST: JEFFERSON REFINERY LLC,Korf,TX,"89,998",71.60,998.51,0.34,1.9275,564.9882,566.9157,0.3065,89.8259,90.1324,09-Jan-20,0.1000,102.21
D Jan YY,TANK to RAIL,JEFFERSON REFINERY LLC,CLOVER,Crude Oil - 4910191, CLOVER CM STORAGE,VMSX280815,CLOVER,POSTLANE,"0235274, 0235273, 0235304, 0235303",AL06CL010000006,DEST: JEFFERSON REFINERY LLC,Korf,TX,"90,078",71.50,992.17,0.34,1.9416,569.1028,571.0444,0.3087,90.4801,90.7888,09-Jan-20,0.1600,162.77
D Jan YY,TANK to RAIL,JEFFERSON REFINERY LLC,CLOVER,Crude Oil - 4910191, CLOVER CM STORAGE,VMSX280842,CLOVER,POSTLANE,"0235376, 0235375, 0235366, 0235365",AL06CL010000006,DEST: JEFFERSON REFINERY LLC,Korf,TX,"89,974",66.40,997.00,0.21,1.1920,566.4301,567.6221,0.1895,90.0552,90.2447,09-Jan-20,0.0600,56.78
D Jan YY,TANK to RAIL,JEFFERSON REFINERY LLC,CLOVER,Crude Oil - 4910191, CLOVER CM STORAGE,VMSX280843,CLOVER,POSTLANE,"0235380, 0235379, 0235370, 0235369",AL06CL010000006,DEST: JEFFERSON REFINERY LLC,Korf,TX,"90,002",65.90,995.83,0.21,1.1938,567.2730,568.4668,0.1898,90.1892,90.3790,09-Jan-20,0.1300,128.71
D Jan YY,TANK to RAIL,JEFFERSON REFINERY LLC,CLOVER,Crude Oil - 4910191, CLOVER CM STORAGE,VMSX281013,CLOVER,POSTLANE,"0235278, 0235277, 0235306, 0235305",AL06CL010000006,DEST: JEFFERSON REFINERY LLC,Korf,TX,"89,877",71.50,997.06,0.34,1.9277,565.0465,566.9742,0.3065,89.8352,90.1417,09-Jan-20,0.1000,102.21
D Jan YY,TANK to RAIL,JEFFERSON REFINERY LLC,CLOVER,Crude Oil - 4910191, CLOVER CM STORAGE,VMSX281024,CLOVER,POSTLANE,"0235428, 0235427, 0235360, 0235359",AL06CL010000006,DEST: JEFFERSON REFINERY LLC,Korf,TX,"90,029",68.80,990.36,0.40,2.2871,569.4875,571.7746,0.3636,90.5413,90.9049,09-Jan-20,0.0800,75.71
D Jan YY,TANK to RAIL,JEFFERSON REFINERY LLC,CLOVER,Crude Oil - 4910191, CLOVER CM STORAGE,VMSX281076,CLOVER,POSTLANE,"0235372, 0235371, 0235362, 0235361",AL06CL010000006,DEST: JEFFERSON REFINERY LLC,Korf,TX,"89,858",65.50,995.05,0.21,1.1928,566.8060,567.9988,0.1896,90.1150,90.3046,09-Jan-20,0.1600,162.77
D Jan YY,TANK to RAIL,JEFFERSON REFINERY LLC,CLOVER,Crude Oil - 4910191, CLOVER CM STORAGE,VMSX281097,CLOVER,POSTLANE,"0235424, 0235423, 0235354, 0235353",AL06CL010000006,DEST: JEFFERSON REFINERY LLC,Korf,TX,"90,120",69.00,990.08,0.40,2.2901,570.2261,572.5162,0.3641,90.6587,91.0228,09-Jan-20,0.0400,37.85
D Jan YY,TANK to RAIL,JEFFERSON REFINERY LLC,CLOVER,Crude Oil - 4910191, CLOVER CM STORAGE,VMSX281107,CLOVER,POSTLANE,"0235286, 0235285, 0235324, 0235323",AL06CL010000006,DEST: JEFFERSON REFINERY LLC,Korf,TX,"90,080",71.60,996.30,0.34,1.9335,566.7565,568.6900,0.3074,90.1071,90.4145,09-Jan-20,0.0800,75.71
D Jan YY,TANK to RAIL,JEFFERSON REFINERY LLC,CLOVER,Crude Oil - 4910191, CLOVER CM STORAGE,VMSX281125,CLOVER,POSTLANE,"0235272, 0235271, 0235302, 0235301",AL06CL010000006,DEST: JEFFERSON REFINERY LLC,Korf,TX,"89,535",70.10,992.70,0.34,1.9288,565.3700,567.2988,0.3067,89.8866,90.1933,09-Jan-20,0.1600,162.77
D Jan YY,TANK to RAIL,JEFFERSON REFINERY LLC,CLOVER,Crude Oil - 4910191, CLOVER CM STORAGE,VMSX281151,CLOVER,POSTLANE,"0235282, 0235281, 0235310, 0235309",AL06CL010000006,DEST: JEFFERSON REFINERY LLC,Korf,TX,"89,528",71.40,995.68,0.34,1.9229,563.6336,565.5565,0.3057,89.6106,89.9163,09-Jan-20,0.0800,75.71
D Jan YY,TANK to RAIL,JEFFERSON REFINERY LLC,CLOVER,Crude Oil - 4910191, CLOVER CM STORAGE,VMSX281288,CLOVER,POSTLANE,"0235374, 0235373, 0235364, 0235363",AL06CL010000006,DEST: JEFFERSON REFINERY LLC,Korf,TX,"89,455",66.60,999.01,0.21,1.1827,562.0277,563.2104,0.1880,89.3553,89.5433,09-Jan-20,0.0600,56.78
D Jan YY,TANK to RAIL,JEFFERSON REFINERY LLC,CLOVER,Crude Oil - 4910191, CLOVER CM STORAGE,VMSX281582,CLOVER,POSTLANE,"0235426, 0235425, 0235356, 0235356",AL06CL010000006,DEST: JEFFERSON REFINERY LLC,Korf,TX,"89,627",69.10,993.86,0.40,2.2689,564.9482,567.2171,0.3607,89.8196,90.1803,09-Jan-20,0.1300,128.71
D Jan YY,TANK to RAIL,JEFFERSON REFINERY LLC,CLOVER,Crude Oil - 4910191, CLOVER CM STORAGE,VMSX281690,CLOVER,POSTLANE,"0235280, 0235279, 0235308, 0235307",AL06CL010000006,DEST: JEFFERSON REFINERY LLC,Korf,TX,"89,373",71.70,992.50,0.34,1.9257,564.4592,566.3849,0.3062,89.7418,90.0480,09-Jan-20,0.0800,75.71
D Jan YY,TANK to RAIL,JEFFERSON REFINERY LLC,CLOVER,Crude Oil - 4910191, CLOVER CM STORAGE,VMSX281709,CLOVER,POSTLANE,"0235422, 0235421, 0235352, 0235351",AL06CL010000006,DEST: JEFFERSON REFINERY LLC,Korf,TX,"89,447",67.10,991.03,0.40,2.2708,565.4230,567.6938,0.3610,89.8951,90.2561,09-Jan-20,0.1600,162.77
D Jan YY,TANK to RAIL,JEFFERSON REFINERY LLC,CLOVER,Crude Oil - 4910191, CLOVER CM STORAGE,VMSX281839,CLOVER,POSTLANE,"0235378, 0235377, 0235368, 0235367",AL06CL010000006,DEST: JEFFERSON REFINERY LLC,Korf,TX,"89,506",66.20,993.57,0.21,1.1899,565.4302,566.6201,0.1892,89.8962,90.0854,09-Jan-20,0.0800,75.71
D Jan YY,TANK to RAIL,JEFFERSON REFINERY LLC,CLOVER,Crude Oil - 4910191, CLOVER CM STORAGE,VMSX281956,CLOVER,POSTLANE,"0235288, 0235287, 0235340, 0235339",AL06CL010000006,DEST: JEFFERSON REFINERY LLC,Korf,TX,"89,485",72.00,991.87,0.34,1.9294,565.5292,567.4586,0.3067,89.9120,90.2187,09-Jan-20,0.0800,75.71
D Jan YY,TANK to RAIL,JEFFERSON REFINERY LLC,CLOVER,Crude Oil - 4910191, CLOVER CM STORAGE,VMSX280693,CLOVER,POSTLANE,"0235164, 0235163, 0235174, 0235173",AL06CL010000006,DEST: JEFFERSON REFINERY LLC,Korf,TX,"90,374",72.05,997.48,0.30,1.7096,568.1673,569.8769,0.2718,90.3314,90.6032,09-Jan-20,0.0600,56.78
D Jan YY,TANK to RAIL,JEFFERSON REFINERY LLC,CLOVER,Crude Oil - 4910191, CLOVER CM STORAGE,VMSX280721,CLOVER,POSTLANE,"0235214, 0235213, 0235244, 0235243",AL06CL010000006,DEST: JEFFERSON REFINERY LLC,Korf,TX,"90,000",69.30,"1,000.50",0.35,1.9803,563.8228,565.8031,0.3148,89.6407,89.9555,09-Jan-20,0.0600,56.78
D Jan YY,TANK to RAIL,JEFFERSON REFINERY LLC,CLOVER,Crude Oil - 4910191, CLOVER CM STORAGE,VMSX280789,CLOVER,POSTLANE,"0235220, 0235219, 0235250, 0235249",AL06CL010000006,DEST: JEFFERSON REFINERY LLC,Korf,TX,"89,960",68.30,996.34,0.35,1.9877,565.9237,567.9114,0.3160,89.9747,90.2907,09-Jan-20,0.0600,56.78
D Jan YY,TANK to RAIL,JEFFERSON REFINERY LLC,CLOVER,Crude Oil - 4910191, CLOVER CM STORAGE,VMSX280806,CLOVER,POSTLANE,"0235216, 0235215, 0235246, 0235245",AL06CL010000006,DEST: JEFFERSON REFINERY LLC,Korf,TX,"89,952",69.10,998.00,0.35,1.9842,564.9297,566.9139,0.3155,89.8166,90.1321,09-Jan-20,0.0600,56.78
D Jan YY,TANK to RAIL,JEFFERSON REFINERY LLC,CLOVER,Crude Oil - 4910191, CLOVER CM STORAGE,VMSX280817,CLOVER,POSTLANE,"0235218, 0235217, 0235248, 0235247",AL06CL010000006,DEST: JEFFERSON REFINERY LLC,Korf,TX,"88,239",69.30,992.95,0.35,1.9563,556.9927,558.9490,0.3110,88.5548,88.8658,09-Jan-20,0.0600,56.78
D Jan YY,TANK to RAIL,JEFFERSON REFINERY LLC,CLOVER,Crude Oil - 4910191, CLOVER CM STORAGE,VMSX280829,CLOVER,POSTLANE,"0235186, 0235185, 0235196, 0235195",AL06CL010000006,DEST: JEFFERSON REFINERY LLC,Korf,TX,"89,861",71.20,997.24,0.30,1.7003,565.0714,566.7717,0.2703,89.8392,90.1095,09-Jan-20,0.0300,26.50
D Jan YY,TANK to RAIL,JEFFERSON REFINERY LLC,CLOVER,Crude Oil - 4910191, CLOVER CM STORAGE,VMSX280836,CLOVER,POSTLANE,"0235184, 0235183, 0235194, 0235193",AL06CL010000006,DEST: JEFFERSON REFINERY LLC,Korf,TX,"90,526",67.05,994.52,0.30,1.7176,570.8081,572.5257,0.2731,90.7512,91.0243,09-Jan-20,0.0300,26.50
D Jan YY,TANK to RAIL,JEFFERSON REFINERY LLC,CLOVER,Crude Oil - 4910191, CLOVER CM STORAGE,VMSX280848,CLOVER,POSTLANE,"0235170, 0235169, 0235180, 0235179",AL06CL010000006,DEST: JEFFERSON REFINERY LLC,Korf,TX,"90,468",71.30,992.65,0.30,1.7197,571.5198,573.2395,0.2734,90.8644,91.1378,09-Jan-20,0.0600,56.78
D Jan YY,TANK to RAIL,JEFFERSON REFINERY LLC,CLOVER,Crude Oil - 4910191, CLOVER CM STORAGE,VMSX280857,CLOVER,POSTLANE,"0235182, 0235181, 0235192, 0235191",AL06CL010000006,DEST: JEFFERSON REFINERY LLC,Korf,TX,"90,087",71.30,993.17,0.30,1.7116,568.8126,570.5242,0.2721,90.4340,90.7061,09-Jan-20,0.0600,56.78
D Jan YY,TANK to RAIL,JEFFERSON REFINERY LLC,CLOVER,Crude Oil - 4910191, CLOVER CM STORAGE,VMSX280890,CLOVER,POSTLANE,"0235222, 0235221, 0235232, 0235231",AL06CL010000006,DEST: JEFFERSON REFINERY LLC,Korf,TX,"89,850",72.80,989.95,0.28,1.5984,569.2742,570.8726,0.2541,90.5074,90.7615,09-Jan-20,0.0300,26.50
D Jan YY,TANK to RAIL,JEFFERSON REFINERY LLC,CLOVER,Crude Oil - 4910191, CLOVER CM STORAGE,VMSX280909,CLOVER,POSTLANE,"0235188, 0235187, 0235198, 0235197",AL06CL010000006,DEST: JEFFERSON REFINERY LLC,Korf,TX,"90,345",73.90,989.48,0.30,1.7229,572.5752,574.2981,0.2739,91.0322,91.3061,09-Jan-20,0.0600,56.78
D Jan YY,TANK to RAIL,JEFFERSON REFINERY LLC,CLOVER,Crude Oil - 4910191, CLOVER CM STORAGE,VMSX280916,CLOVER,POSTLANE,"0235190, 0235189, 0235200, 0235199",AL06CL010000006,DEST: JEFFERSON REFINERY LLC,Korf,TX,"90,163",71.90,989.24,0.30,1.7198,571.5581,573.2779,0.2734,90.8705,91.1439,09-Jan-20,0.0600,56.78
D Jan YY,TANK to RAIL,JEFFERSON REFINERY LLC,CLOVER,Crude Oil - 4910191, CLOVER CM STORAGE,VMSX281060,CLOVER,POSTLANE,"0235212, 0235211, 0235242, 0235241",AL06CL010000006,DEST: JEFFERSON REFINERY LLC,Korf,TX,"90,027",68.10,996.17,0.35,1.9895,566.4389,568.4284,0.3163,90.0566,90.3729,09-Jan-20,0.0600,56.78
D Jan YY,TANK to RAIL,JEFFERSON REFINERY LLC,CLOVER,Crude Oil - 4910191, CLOVER CM STORAGE,VMSX281111,CLOVER,POSTLANE,"0235230, 0235229, 0235240, 0235239",AL06CL010000006,DEST: JEFFERSON REFINERY LLC,Korf,TX,"89,998",72.60,991.06,0.28,1.5993,569.5784,571.1777,0.2543,90.5557,90.8100,09-Jan-20,0.0300,26.50
D Jan YY,TANK to RAIL,JEFFERSON REFINERY LLC,CLOVER,Crude Oil - 4910191, CLOVER CM STORAGE,VMSX281222,CLOVER,POSTLANE,"0235224, 0235223, 0235234, 0235533",AL06CL010000006,DEST: JEFFERSON REFINERY LLC,Korf,TX,"89,692",75.30,990.52,0.28,1.5947,567.9483,569.5430,0.2535,90.2966,90.5501,09-Jan-20,0.0600,56.78
D Jan YY,TANK to RAIL,JEFFERSON REFINERY LLC,CLOVER,Crude Oil - 4910191, CLOVER CM STORAGE,VMSX281423,CLOVER,POSTLANE,"0235168, 0235167, 0235178, 0235177",AL06CL010000006,DEST: JEFFERSON REFINERY LLC,Korf,TX,"89,399",71.80,991.75,0.30,1.7009,565.2802,566.9811,0.2704,89.8724,90.1428,09-Jan-20,0.0600,56.78
D Jan YY,TANK to RAIL,JEFFERSON REFINERY LLC,CLOVER,Crude Oil - 4910191, CLOVER CM STORAGE,VMSX281570,CLOVER,POSTLANE,"0235162, 0235161, 0235172, 0235171",AL06CL010000006,DEST: JEFFERSON REFINERY LLC,Korf,TX,"89,444",71.30,995.49,0.30,1.6954,563.4422,565.1376,0.2695,89.5802,89.8497,09-Jan-20,0.1000,102.21
D Jan YY,TANK to RAIL,JEFFERSON REFINERY LLC,CLOVER,Crude Oil - 4910191, CLOVER CM STORAGE,VMSX281810,CLOVER,POSTLANE,"0235166, 0235165, 0235176, 0235175",AL06CL010000006,DEST: JEFFERSON REFINERY LLC,Korf,TX,"90,038",68.30,995.05,0.30,1.7074,567.4324,569.1398,0.2715,90.2145,90.4860,09-Jan-20,0.1000,102.21
D Jan YY,TANK to RAIL,JEFFERSON REFINERY LLC,CLOVER,Crude Oil - 4910191, CLOVER CM STORAGE,VMSX281814,CLOVER,POSTLANE,"0235226, 0235225, 0235236, 0235235",AL06CL010000006,DEST: JEFFERSON REFINERY LLC,Korf,TX,"89,742",75.30,995.30,0.28,1.5880,565.5379,567.1259,0.2525,89.9133,90.1658,09-Jan-20,0.0300,26.50
D Jan YY,TANK to RAIL,JEFFERSON REFINERY LLC,CLOVER,Crude Oil - 4910191, CLOVER CM STORAGE,VMSX281867,CLOVER,POSTLANE,"0235228, 0235227, 0235238, 0235237",AL06CL010000006,DEST: JEFFERSON REFINERY LLC,Korf,TX,"89,389",66.90,997.45,0.35,1.9729,561.7011,563.6740,0.3137,89.3033,89.6170,09-Jan-20,0.0300,26.50
D Jan YY,TANK to RAIL,JEFFERSON REFINERY LLC,CLOVER,Crude Oil - 4910191, CLOVER CM STORAGE,VMSX280746,CLOVER,POSTLANE,"0235078, 0235077, 0235114, 0235113",AL06CL010000006,DEST: JEFFERSON REFINERY LLC,Korf,TX,"89,701",67.40,998.01,0.42,2.3744,562.9526,565.3270,0.3775,89.5023,89.8798,09-Jan-20,0.1000,102.21
D Jan YY,TANK to RAIL,JEFFERSON REFINERY LLC,CLOVER,Crude Oil - 4910191, CLOVER CM STORAGE,VMSX280792,CLOVER,POSTLANE,"0235036, 0235035, 0235086, 0209419",AL06CL010000006,DEST: JEFFERSON REFINERY LLC,Korf,TX,"90,006",67.90,998.43,0.30,1.7010,565.3047,567.0057,0.2704,89.8763,90.1467,09-Jan-20,0.0600,56.78
D Jan YY,TANK to RAIL,JEFFERSON REFINERY LLC,CLOVER,Crude Oil - 4910191, CLOVER CM STORAGE,VMSX280873,CLOVER,POSTLANE,"0235080, 0235079, 0235112, 0235440",AL06CL010000006,DEST: JEFFERSON REFINERY LLC,Korf,TX,"90,254",69.30,994.85,0.29,1.6548,568.9663,570.6211,0.2631,90.4584,90.7215,09-Jan-20,0.0600,56.78
D Jan YY,TANK to RAIL,JEFFERSON REFINERY LLC,CLOVER,Crude Oil - 4910191, CLOVER CM STORAGE,VMSX280880,CLOVER,POSTLANE,"0235100, 0235099, 0235110, 0235109",AL06CL010000006,DEST: JEFFERSON REFINERY LLC,Korf,TX,"90,330",66.05,995.49,0.42,2.3971,568.3359,570.7330,0.3811,90.3582,90.7393,09-Jan-20,0.0600,56.78
D Jan YY,TANK to RAIL,JEFFERSON REFINERY LLC,CLOVER,Crude Oil - 4910191, CLOVER CM STORAGE,VMSX280883,CLOVER,POSTLANE,"0235096, 0235095, 0235106, 0235105",AL06CL010000006,DEST: JEFFERSON REFINERY LLC,Korf,TX,"90,267",69.50,998.10,0.42,2.3891,566.4551,568.8442,0.3798,90.0592,90.4390,09-Jan-20,0.0300,26.50
D Jan YY,TANK to RAIL,JEFFERSON REFINERY LLC,CLOVER,Crude Oil - 4910191, CLOVER CM STORAGE,VMSX280897,CLOVER,POSTLANE,"0235072, 0235071, 0235120, 0235119",AL06CL010000006,DEST: JEFFERSON REFINERY LLC,Korf,TX,"90,209",70.70,995.59,0.29,1.6527,568.2551,569.9078,0.2628,90.3453,90.6081,09-Jan-20,0.0300,26.50
D Jan YY,TANK to RAIL,JEFFERSON REFINERY LLC,CLOVER,Crude Oil - 4910191, CLOVER CM STORAGE,VMSX280938,CLOVER,POSTLANE,"0235098, 0235097, 0235108, 0235107",AL06CL010000006,DEST: JEFFERSON REFINERY LLC,Korf,TX,"89,841",69.80,992.74,0.42,2.3907,566.8277,569.2184,0.3801,90.1184,90.4985,09-Jan-20,0.0600,56.78
D Jan YY,TANK to RAIL,JEFFERSON REFINERY LLC,CLOVER,Crude Oil - 4910191, CLOVER CM STORAGE,VMSX280979,CLOVER,POSTLANE,"0235040, 0235039, 0235082, 0235081",AL06CL010000006,DEST: JEFFERSON REFINERY LLC,Korf,TX,"89,948",67.70,992.95,0.30,1.7093,568.0633,569.7726,0.2718,90.3148,90.5866,09-Jan-20,0.0300,26.50
D Jan YY,TANK to RAIL,JEFFERSON REFINERY LLC,CLOVER,Crude Oil - 4910191, CLOVER CM STORAGE,VMSX281093,CLOVER,POSTLANE,"0235094, 0235093, 0235104, 0235103",AL06CL010000006,DEST: JEFFERSON REFINERY LLC,Korf,TX,"90,000",69.90,"1,000.26",0.42,2.3769,563.5595,565.9364,0.3779,89.5988,89.9767,09-Jan-20,0.0600,56.78
D Jan YY,TANK to RAIL,JEFFERSON REFINERY LLC,CLOVER,Crude Oil - 4910191, CLOVER CM STORAGE,VMSX281094,CLOVER,POSTLANE,"0235060, 0235059, 0235066, 0235065",AL06CL010000006,DEST: JEFFERSON REFINERY LLC,Korf,TX,"89,812",68.50,990.92,0.30,1.7102,568.3624,570.0726,0.2719,90.3624,90.6343,09-Jan-20,0.0300,26.50
D Jan YY,TANK to RAIL,JEFFERSON REFINERY LLC,CLOVER,Crude Oil - 4910191, CLOVER CM STORAGE,VMSX281520,CLOVER,POSTLANE,"0235074, 0235073, 0235118, 0235117",AL06CL010000006,DEST: JEFFERSON REFINERY LLC,Korf,TX,"89,353",71.40,993.80,0.42,2.3752,563.1430,565.5182,0.3776,89.5326,89.9102,09-Jan-20,0.0300,26.50
D Jan YY,TANK to RAIL,JEFFERSON REFINERY LLC,CLOVER,Crude Oil - 4910191, CLOVER CM STORAGE,VMSX281534,CLOVER,POSTLANE,"0235038, 0235037, 0235084, 0235083",AL06CL010000006,DEST: JEFFERSON REFINERY LLC,Korf,TX,"89,340",67.90,997.46,0.30,1.6901,561.6719,563.3620,0.2687,89.2987,89.5674,09-Jan-20,0.0300,26.50
D Jan YY,TANK to RAIL,JEFFERSON REFINERY LLC,CLOVER,Crude Oil - 4910191, CLOVER CM STORAGE,VMSX281561,CLOVER,POSTLANE,"0235056, 0235055, 0235062, 0235061",AL06CL010000006,DEST: JEFFERSON REFINERY LLC,Korf,TX,"89,411",68.00,995.09,0.30,1.6955,563.4591,565.1546,0.2696,89.5828,89.8524,09-Jan-20,0.0300,26.50
D Jan YY,TANK to RAIL,JEFFERSON REFINERY LLC,CLOVER,Crude Oil - 4910191, CLOVER CM STORAGE,VMSX281657,CLOVER,POSTLANE,"0235076, 0235075, 0235116, 0235115",AL06CL010000006,DEST: JEFFERSON REFINERY LLC,Korf,TX,"89,922",74.75,999.44,0.25,1.4155,564.4888,565.9043,0.2250,89.7466,89.9716,09-Jan-20,0.0600,56.78
D Jan YY,TANK to RAIL,JEFFERSON REFINERY LLC,CLOVER,Crude Oil - 4910191, CLOVER CM STORAGE,VMSX281668,CLOVER,POSTLANE,"0235032, 0235031, 0235090, 0235089",AL06CL010000006,DEST: JEFFERSON REFINERY LLC,Korf,TX,"89,479",68.60,987.69,0.25,1.4245,568.3946,569.8191,0.2265,90.3675,90.5940,09-Jan-20,0.0300,26.50
D Jan YY,TANK to RAIL,JEFFERSON REFINERY LLC,CLOVER,Crude Oil - 4910191, CLOVER CM STORAGE,VMSX281829,CLOVER,POSTLANE,"0235058, 0235057, 0235064, 0235063",AL06CL010000006,DEST: JEFFERSON REFINERY LLC,Korf,TX,"89,815",65.55,995.83,0.30,1.7018,565.5838,567.2856,0.2706,89.9206,90.1912,09-Jan-20,0.0300,26.50
D Jan YY,TANK to RAIL,JEFFERSON REFINERY LLC,CLOVER,Crude Oil - 4910191, CLOVER CM STORAGE,VMSX281891,CLOVER,POSTLANE,"0235092, 0235091, 0235102, 0235101",AL06CL010000006,DEST: JEFFERSON REFINERY LLC,Korf,TX,"89,585",68.40,995.68,0.42,2.3769,563.5438,565.9207,0.3779,89.5963,89.9742,09-Jan-20,0.0300,26.50
D Jan YY,TANK to RAIL,JEFFERSON REFINERY LLC,CLOVER,Crude Oil - 4910191, CLOVER CM STORAGE,VMSX281973,CLOVER,POSTLANE,"0235034, 0235033, 0235088, 0235087",AL06CL010000006,DEST: JEFFERSON REFINERY LLC,Korf,TX,"90,088",66.15,981.61,0.54,3.1143,574.1368,577.2511,0.4952,91.2804,91.7756,09-Jan-20,0.0300,26.50
D Jan YY,TANK to RAIL,JEFFERSON REFINERY LLC,CLOVER,Crude Oil - 4910191, CLOVER CM STORAGE,VMSX280799,CLOVER,POSTLANE,"0235050, 0235049, 0235004, 0235003",AL06CL010000006,DEST: JEFFERSON REFINERY LLC,Korf,TX,"89,888",70.40,999.51,0.69,3.9030,561.7529,565.6559,0.6205,89.3116,89.9321,09-Jan-20,0.0300,26.50
D Jan YY,TANK to RAIL,JEFFERSON REFINERY LLC,CLOVER,Crude Oil - 4910191, CLOVER CM STORAGE,VMSX280933,CLOVER,POSTLANE,"0235048, 0235047, 0235002, 0235341",AL06CL010000006,DEST: JEFFERSON REFINERY LLC,Korf,TX,"90,030",62.10,994.21,0.55,3.1327,566.4405,569.5732,0.4981,90.0568,90.5549,09-Jan-20,0.0300,26.50
D Jan YY,TANK to RAIL,JEFFERSON REFINERY LLC,CLOVER,Crude Oil - 4910191, CLOVER CM STORAGE,VMSX281039,CLOVER,POSTLANE,"0235046, 0235045, 0235030, 0235029",AL06CL010000006,DEST: JEFFERSON REFINERY LLC,Korf,TX,"90,026",71.40,991.63,0.30,1.7131,569.3149,571.0280,0.2724,90.5138,90.7862,09-Jan-20,0.0300,26.50
D Jan YY,TANK to RAIL,JEFFERSON REFINERY LLC,CLOVER,Crude Oil - 4910191, CLOVER CM STORAGE,VMSX281073,CLOVER,POSTLANE,"0235022, 0235021, 0235006, 0235005",AL06CL010000006,DEST: JEFFERSON REFINERY LLC,Korf,TX,"90,257",65.70,998.96,0.55,3.1256,565.1657,568.2913,0.4969,89.8542,90.3511,09-Jan-20,0.0600,56.78
D Jan YY,TANK to RAIL,JEFFERSON REFINERY LLC,CLOVER,Crude Oil - 4910191, CLOVER CM STORAGE,VMSX281099,CLOVER,POSTLANE,"0180880, 0211952, 0235350, 0235349",AL06CL010000006,DEST: JEFFERSON REFINERY LLC,Korf,TX,"90,467",69.40,988.55,0.61,3.5112,572.0970,575.6082,0.5582,90.9562,91.5144,09-Jan-20,0.0600,56.78
D Jan YY,TANK to RAIL,JEFFERSON REFINERY LLC,CLOVER,Crude Oil - 4910191, CLOVER CM STORAGE,VMSX281253,CLOVER,POSTLANE,"0235024, 0235023, 0235008, 0235007",AL06CL010000006,DEST: JEFFERSON REFINERY LLC,Korf,TX,"89,523",64.50,991.26,0.55,3.1243,564.9218,568.0461,0.4967,89.8154,90.3121,09-Jan-20,0.0600,56.78
D Jan YY,TANK to RAIL,JEFFERSON REFINERY LLC,CLOVER,Crude Oil - 4910191, CLOVER CM STORAGE,VMSX281371,CLOVER,POSTLANE,"0235042, 0235041, 0235026, 0235025",AL06CL010000006,DEST: JEFFERSON REFINERY LLC,Korf,TX,"89,567",73.50,997.60,0.30,1.6941,563.0220,564.7161,0.2693,89.5134,89.7827,09-Jan-20,0.0600,56.78
D Jan YY,TANK to RAIL,JEFFERSON REFINERY LLC,CLOVER,Crude Oil - 4910191, CLOVER CM STORAGE,VMSX281575,CLOVER,POSTLANE,"0235016, 0235015, 0235018, 0235017",AL06CL010000006,DEST: JEFFERSON REFINERY LLC,Korf,TX,"89,530",73.10,993.00,0.30,1.7013,565.3962,567.0975,0.2705,89.8908,90.1613,09-Jan-20,0.0600,56.78
D Jan YY,TANK to RAIL,JEFFERSON REFINERY LLC,CLOVER,Crude Oil - 4910191, CLOVER CM STORAGE,VMSX281578,CLOVER,POSTLANE,"0211951, 0186807, 0235348, 0235347",AL06CL010000006,DEST: JEFFERSON REFINERY LLC,Korf,TX,"89,216",68.90,993.52,0.61,3.4454,561.3683,564.8137,0.5478,89.2504,89.7982,09-Jan-20,0.0300,26.50
D Jan YY,TANK to RAIL,JEFFERSON REFINERY LLC,CLOVER,Crude Oil - 4910191, CLOVER CM STORAGE,VMSX281613,CLOVER,POSTLANE,"0235012, 0235011, 0235020, 0235019",AL06CL010000006,DEST: JEFFERSON REFINERY LLC,Korf,TX,"89,438",69.80,993.11,0.30,1.6994,564.7553,566.4547,0.2702,89.7889,90.0591,09-Jan-20,0.0600,56.78
D Jan YY,TANK to RAIL,JEFFERSON REFINERY LLC,CLOVER,Crude Oil - 4910191, CLOVER CM STORAGE,VMSX281716,CLOVER,POSTLANE,"0235044, 0235043, 0235028, 0235027",AL06CL010000006,DEST: JEFFERSON REFINERY LLC,Korf,TX,"89,701",62.90,997.70,0.69,3.9006,561.6024,565.5030,0.6201,89.2877,89.9078,09-Jan-20,0.0600,56.78
D Jan YY,TANK to RAIL,JEFFERSON REFINERY LLC,CLOVER,Crude Oil - 4910191, CLOVER CM STORAGE,VMSX281827,CLOVER,POSTLANE,"0235014, 0235013, 0235010, 0235009",AL06CL010000006,DEST: JEFFERSON REFINERY LLC,Korf,TX,"89,435",69.30,993.72,0.69,3.9060,562.1789,566.0849,0.6210,89.3793,90.0003,09-Jan-20,0.0300,26.50
D Jan YY,TANK to RAIL,JEFFERSON REFINERY LLC,CLOVER,Crude Oil - 4910191, CLOVER CM STORAGE,VMSX281886,CLOVER,POSTLANE,"0180855, 0199941, 0235342, 0235001",AL06CL010000006,DEST: JEFFERSON REFINERY LLC,Korf,TX,"89,387",69.40,991.46,0.61,3.4591,563.6138,567.0729,0.5500,89.6074,90.1574,09-Jan-20,0.0600,56.78
